id;label;category;section
01.11;Culture de céréales (à l'exception du riz), de légumineuses et de graines oléagineuses;A;AGRICULTURE, FORESTRY AND FISHING
01.12;Culture du riz;A;AGRICULTURE, FORESTRY AND FISHING
01.13;Culture de légumes, de melons, de racines et de tubercules;A;AGRICULTURE, FORESTRY AND FISHING
01.14;Culture de la canne à sucre;A;AGRICULTURE, FORESTRY AND FISHING
01.15;Culture du tabac;A;AGRICULTURE, FORESTRY AND FISHING
01.16;Culture de plantes à fibres;A;AGRICULTURE, FORESTRY AND FISHING
01.19;Autres cultures non permanentes;A;AGRICULTURE, FORESTRY AND FISHING
01.21;Culture de la vigne;A;AGRICULTURE, FORESTRY AND FISHING
01.22;Culture de fruits tropicaux et subtropicaux;A;AGRICULTURE, FORESTRY AND FISHING
01.23;Culture d'agrumes;A;AGRICULTURE, FORESTRY AND FISHING
01.24;Culture de fruits à pépins et à noyau;A;AGRICULTURE, FORESTRY AND FISHING
01.25;Culture d'autres fruits d'arbres ou d'arbustes et de fruits à coque;A;AGRICULTURE, FORESTRY AND FISHING
01.26;Culture de fruits oléagineux;A;AGRICULTURE, FORESTRY AND FISHING
01.27;Culture de plantes à boissons;A;AGRICULTURE, FORESTRY AND FISHING
01.28;Culture de plantes à épices, aromatiques, médicinales et pharmaceutiques;A;AGRICULTURE, FORESTRY AND FISHING
01.29;Autres cultures permanentes;A;AGRICULTURE, FORESTRY AND FISHING
01.30;Reproduction de plantes;A;AGRICULTURE, FORESTRY AND FISHING
01.41;Élevage de vaches laitières;A;AGRICULTURE, FORESTRY AND FISHING
01.42;Élevage d'autres bovins et de buffles;A;AGRICULTURE, FORESTRY AND FISHING
01.43;Élevage de chevaux et d'autres équidés;A;AGRICULTURE, FORESTRY AND FISHING
01.44;Élevage de chameaux et d'autres camélidés;A;AGRICULTURE, FORESTRY AND FISHING
01.45;Élevage d'ovins et de caprins;A;AGRICULTURE, FORESTRY AND FISHING
01.46;Élevage de porcins;A;AGRICULTURE, FORESTRY AND FISHING
01.47;Élevage de volailles;A;AGRICULTURE, FORESTRY AND FISHING
01.49;Élevage d'autres animaux;A;AGRICULTURE, FORESTRY AND FISHING
01.50;Culture et élevage associés;A;AGRICULTURE, FORESTRY AND FISHING
01.61;Activités de soutien aux cultures;A;AGRICULTURE, FORESTRY AND FISHING
01.62;Activités de soutien à la production animale;A;AGRICULTURE, FORESTRY AND FISHING
01.63;Traitement primaire des récoltes;A;AGRICULTURE, FORESTRY AND FISHING
01.64;Traitement des semences;A;AGRICULTURE, FORESTRY AND FISHING
01.70;Chasse, piégeage et services annexes;A;AGRICULTURE, FORESTRY AND FISHING
02.10;Sylviculture et autres activités forestières;A;AGRICULTURE, FORESTRY AND FISHING
02.20;Exploitation forestière;A;AGRICULTURE, FORESTRY AND FISHING
02.30;Récolte de produits forestiers non ligneux poussant à l'état sauvage;A;AGRICULTURE, FORESTRY AND FISHING
02.40;Services de soutien à l'exploitation forestière;A;AGRICULTURE, FORESTRY AND FISHING
03.11;Pêche en mer;A;AGRICULTURE, FORESTRY AND FISHING
03.12;Pêche en eau douce;A;AGRICULTURE, FORESTRY AND FISHING
03.21;Aquaculture en mer;A;AGRICULTURE, FORESTRY AND FISHING
03.22;Aquaculture en eau douce;A;AGRICULTURE, FORESTRY AND FISHING
05.10;Extraction de houille;B;MINING AND QUARRYING
05.20;Extraction de lignite;B;MINING AND QUARRYING
06.10;Extraction de pétrole brut;B;MINING AND QUARRYING
06.20;Extraction de gaz naturel;B;MINING AND QUARRYING
07.10;Extraction de minerais de fer;B;MINING AND QUARRYING
07.21;Extraction de minerais d'uranium et de thorium;B;MINING AND QUARRYING
07.29;Extraction d'autres minerais de métaux non ferreux;B;MINING AND QUARRYING
08.11;Extraction de pierres ornementales et de construction, de calcaire industriel, de gypse, de craie et d'ardoise;B;MINING AND QUARRYING
08.12;Exploitation de gravières et sablières, extraction d'argiles et de kaolin;B;MINING AND QUARRYING
08.91;Extraction des minéraux chimiques et d'engrais minéraux;B;MINING AND QUARRYING
08.92;Extraction de tourbe;B;MINING AND QUARRYING
08.93;Production de sel;B;MINING AND QUARRYING
08.99;Autres activités extractives n.c.a.;B;MINING AND QUARRYING
09.10;Activités de soutien à l'extraction d'hydrocarbures;B;MINING AND QUARRYING
09.90;Activités de soutien aux autres industries extractives;B;MINING AND QUARRYING
10.11;Transformation et conservation de la viande de boucherie;C;MANUFACTURING
10.12;Transformation et conservation de la viande de volaille;C;MANUFACTURING
10.13;Préparation de produits à base de viande;C;MANUFACTURING
10.20;Transformation et conservation de poisson, de crustacés et de mollusques;C;MANUFACTURING
10.31;Transformation et conservation de pommes de terre;C;MANUFACTURING
10.32;Préparation de jus de fruits et légumes;C;MANUFACTURING
10.39;Autre transformation et conservation de fruits et légumes;C;MANUFACTURING
10.41;Fabrication d'huiles et graisses;C;MANUFACTURING
10.42;Fabrication de margarine et graisses comestibles similaires;C;MANUFACTURING
10.51;Exploitation de laiteries et fabrication de fromage;C;MANUFACTURING
10.52;Fabrication de glaces et sorbets;C;MANUFACTURING
10.61;Travail des grains;C;MANUFACTURING
10.62;Fabrication de produits amylacés;C;MANUFACTURING
10.71;Fabrication de pain et de pâtisserie fraîche;C;MANUFACTURING
10.72;Fabrication de biscuits, biscottes et pâtisseries de conservation;C;MANUFACTURING
10.73;Fabrication de pâtes alimentaires;C;MANUFACTURING
10.81;Fabrication de sucre;C;MANUFACTURING
10.82;Fabrication de cacao, chocolat et de produits de confiserie;C;MANUFACTURING
10.83;Transformation du thé et du café;C;MANUFACTURING
10.84;Fabrication de condiments et assaisonnements;C;MANUFACTURING
10.85;Fabrication de plats préparés;C;MANUFACTURING
10.86;Fabrication d'aliments homogénéisés et diététiques;C;MANUFACTURING
10.89;Fabrication d'autres produits alimentaires n.c.a.;C;MANUFACTURING
10.91;Fabrication d'aliments pour animaux de ferme;C;MANUFACTURING
10.92;Fabrication d'aliments pour animaux de compagnie;C;MANUFACTURING
11.01;Production de boissons alcooliques distillées;C;MANUFACTURING
11.02;Production de vin (de raisin);C;MANUFACTURING
11.03;Fabrication de cidre et de vins de fruits;C;MANUFACTURING
11.04;Production d'autres boissons fermentées non distillées;C;MANUFACTURING
11.05;Fabrication de bière;C;MANUFACTURING
11.06;Fabrication de malt;C;MANUFACTURING
11.07;Industrie des eaux minérales et autres eaux embouteillées et des boissons rafraîchissantes;C;MANUFACTURING
12.00;Fabrication de produits à base de tabac;C;MANUFACTURING
13.10;Préparation de fibres textiles et filature;C;MANUFACTURING
13.20;Tissage;C;MANUFACTURING
13.30;Ennoblissement textile;C;MANUFACTURING
13.91;Fabrication d'étoffes à mailles;C;MANUFACTURING
13.92;Fabrication d'articles textiles, sauf habillement;C;MANUFACTURING
13.93;Fabrication de tapis et moquettes;C;MANUFACTURING
13.94;Fabrication de ficelles, cordes et filets;C;MANUFACTURING
13.95;Fabrication de non-tissés, sauf habillement;C;MANUFACTURING
13.96;Fabrication d'autres textiles techniques et industriels;C;MANUFACTURING
13.99;Fabrication d'autres textiles n.c.a.;C;MANUFACTURING
14.11;Fabrication de vêtements en cuir;C;MANUFACTURING
14.12;Fabrication de vêtements de travail;C;MANUFACTURING
14.13;Fabrication de vêtements de dessus;C;MANUFACTURING
14.14;Fabrication de vêtements de dessous;C;MANUFACTURING
14.19;Fabrication d'autres vêtements et accessoires;C;MANUFACTURING
14.20;Fabrication d'articles en fourrure;C;MANUFACTURING
14.31;Fabrication d'articles chaussants à mailles;C;MANUFACTURING
14.39;Fabrication d'autres articles à mailles;C;MANUFACTURING
15.11;"Apprêt et tannage des cuirs ; préparation et teinture des fourrures";C;MANUFACTURING
15.12;Fabrication d'articles de voyage, de maroquinerie et de sellerie;C;MANUFACTURING
15.20;Fabrication de chaussures;C;MANUFACTURING
16.10;Sciage et rabotage du bois;C;MANUFACTURING
16.21;Fabrication de placage et de panneaux de bois;C;MANUFACTURING
16.22;Fabrication de parquets assemblés;C;MANUFACTURING
16.23;Fabrication de charpentes et d'autres menuiseries;C;MANUFACTURING
16.24;Fabrication d'emballages en bois;C;MANUFACTURING
16.29;"Fabrication d'objets divers en bois ; fabrication d'objets en liège, vannerie et sparterie";C;MANUFACTURING
17.11;Fabrication de pâte à papier;C;MANUFACTURING
17.12;Fabrication de papier et de carton;C;MANUFACTURING
17.21;Fabrication de papier et carton ondulés et d'emballages en papier ou en carton;C;MANUFACTURING
17.22;Fabrication d'articles en papier à usage sanitaire ou domestique;C;MANUFACTURING
17.23;Fabrication d'articles de papeterie;C;MANUFACTURING
17.24;Fabrication de papiers peints;C;MANUFACTURING
17.29;Fabrication d'autres articles en papier ou en carton;C;MANUFACTURING
18.11;Imprimerie de journaux;C;MANUFACTURING
18.12;Autre imprimerie (labeur);C;MANUFACTURING
18.13;Activités de pré-presse;C;MANUFACTURING
18.14;Reliure et activités connexes;C;MANUFACTURING
18.20;Reproduction d'enregistrements;C;MANUFACTURING
19.10;Cokéfaction;C;MANUFACTURING
19.20;Raffinage du pétrole;C;MANUFACTURING
20.11;Fabrication de gaz industriels;C;MANUFACTURING
20.12;Fabrication de colorants et de pigments;C;MANUFACTURING
20.13;Fabrication d'autres produits chimiques inorganiques de base;C;MANUFACTURING
20.14;Fabrication d'autres produits chimiques organiques de base;C;MANUFACTURING
20.15;Fabrication de produits azotés et d'engrais;C;MANUFACTURING
20.16;Fabrication de matières plastiques de base;C;MANUFACTURING
20.17;Fabrication de caoutchouc synthétique;C;MANUFACTURING
20.20;Fabrication de pesticides et d'autres produits agrochimiques;C;MANUFACTURING
20.30;Fabrication de peintures, vernis, encres et mastics;C;MANUFACTURING
20.41;Fabrication de savons, détergents et produits d'entretien;C;MANUFACTURING
20.42;Fabrication de parfums et de produits pour la toilette;C;MANUFACTURING
20.51;Fabrication de produits explosifs;C;MANUFACTURING
20.52;Fabrication de colles;C;MANUFACTURING
20.53;Fabrication d'huiles essentielles;C;MANUFACTURING
20.59;Fabrication d'autres produits chimiques n.c.a.;C;MANUFACTURING
20.60;Fabrication de fibres artificielles ou synthétiques;C;MANUFACTURING
21.10;Fabrication de produits pharmaceutiques de base;C;MANUFACTURING
21.20;Fabrication de préparations pharmaceutiques;C;MANUFACTURING
22.11;Fabrication et rechapage de pneumatiques;C;MANUFACTURING
22.19;Fabrication d'autres articles en caoutchouc;C;MANUFACTURING
22.21;Fabrication de plaques, feuilles, tubes et profilés en matières plastiques;C;MANUFACTURING
22.22;Fabrication d'emballages en matières plastiques;C;MANUFACTURING
22.23;Fabrication d'éléments en matières plastiques pour la construction;C;MANUFACTURING
22.29;Fabrication d'autres articles en matières plastiques;C;MANUFACTURING
23.11;Fabrication de verre plat;C;MANUFACTURING
23.12;Façonnage et transformation du verre plat;C;MANUFACTURING
23.13;Fabrication de verre creux;C;MANUFACTURING
23.14;Fabrication de fibres de verre;C;MANUFACTURING
23.19;Fabrication et façonnage d'autres articles en verre, y compris verre technique;C;MANUFACTURING
23.20;Fabrication de produits réfractaires;C;MANUFACTURING
23.31;Fabrication de carreaux en céramique;C;MANUFACTURING
23.32;Fabrication de briques, tuiles et produits de construction, en terre cuite;C;MANUFACTURING
23.41;Fabrication d'articles céramiques à usage domestique ou ornemental;C;MANUFACTURING
23.42;Fabrication d'appareils sanitaires en céramique;C;MANUFACTURING
23.43;Fabrication d'isolateurs et pièces isolantes en céramique;C;MANUFACTURING
23.44;Fabrication d'autres produits céramiques à usage technique;C;MANUFACTURING
23.49;Fabrication d'autres produits céramiques;C;MANUFACTURING
23.51;Fabrication de ciment;C;MANUFACTURING
23.52;Fabrication de chaux et plâtre;C;MANUFACTURING
23.61;Fabrication d'éléments en béton pour la construction;C;MANUFACTURING
23.62;Fabrication d'éléments en plâtre pour la construction;C;MANUFACTURING
23.63;Fabrication de béton prêt à l'emploi;C;MANUFACTURING
23.64;Fabrication de mortiers et bétons secs;C;MANUFACTURING
23.65;Fabrication d'ouvrages en fibre-ciment;C;MANUFACTURING
23.69;Fabrication d'autres ouvrages en béton, en ciment ou en plâtre;C;MANUFACTURING
23.70;Taille, façonnage et finissage de pierres;C;MANUFACTURING
23.91;Fabrication de produits abrasifs;C;MANUFACTURING
23.99;Fabrication d'autres produits minéraux non métalliques n.c.a.;C;MANUFACTURING
24.10;Sidérurgie;C;MANUFACTURING
24.20;Fabrication de tubes, tuyaux, profilés creux et accessoires correspondants en acier;C;MANUFACTURING
24.31;Étirage à froid de barres;C;MANUFACTURING
24.32;Laminage à froid de feuillards;C;MANUFACTURING
24.33;Profilage à froid par formage ou pliage;C;MANUFACTURING
24.34;Tréfilage à froid;C;MANUFACTURING
24.41;Production de métaux précieux;C;MANUFACTURING
24.42;Métallurgie de l'aluminium;C;MANUFACTURING
24.43;Métallurgie du plomb, du zinc ou de l'étain;C;MANUFACTURING
24.44;Métallurgie du cuivre;C;MANUFACTURING
24.45;Métallurgie des autres métaux non ferreux;C;MANUFACTURING
24.46;Élaboration et transformation de matières nucléaires;C;MANUFACTURING
24.51;Fonderie de fonte;C;MANUFACTURING
24.52;Fonderie d'acier;C;MANUFACTURING
24.53;Fonderie de métaux légers;C;MANUFACTURING
24.54;Fonderie d'autres métaux non ferreux;C;MANUFACTURING
25.11;Fabrication de structures métalliques et de parties de structures;C;MANUFACTURING
25.12;Fabrication de portes et fenêtres en métal;C;MANUFACTURING
25.21;Fabrication de radiateurs et de chaudières pour le chauffage central;C;MANUFACTURING
25.29;Fabrication d'autres réservoirs, citernes et conteneurs métalliques;C;MANUFACTURING
25.30;Fabrication de générateurs de vapeur, à l'exception des chaudières pour le chauffage central;C;MANUFACTURING
25.40;Fabrication d'armes et de munitions;C;MANUFACTURING
25.50;"Forge, emboutissage, estampage ; métallurgie des poudres";C;MANUFACTURING
25.61;Traitement et revêtement des métaux;C;MANUFACTURING
25.62;Usinage;C;MANUFACTURING
25.71;Fabrication de coutellerie;C;MANUFACTURING
25.72;Fabrication de serrures et de ferrures;C;MANUFACTURING
25.73;Fabrication d'outillage;C;MANUFACTURING
25.91;Fabrication de fûts et emballages métalliques similaires;C;MANUFACTURING
25.92;Fabrication d'emballages métalliques légers;C;MANUFACTURING
25.93;Fabrication d'articles en fils métalliques, de chaînes et de ressorts;C;MANUFACTURING
25.94;Fabrication de vis et de boulons;C;MANUFACTURING
25.99;Fabrication d'autres produits métalliques n.c.a.;C;MANUFACTURING
26.11;Fabrication de composants électroniques;C;MANUFACTURING
26.12;Fabrication de cartes électroniques assemblées;C;MANUFACTURING
26.20;Fabrication d'ordinateurs et d'équipements périphériques;C;MANUFACTURING
26.30;Fabrication d'équipements de communication;C;MANUFACTURING
26.40;Fabrication de produits électroniques grand public;C;MANUFACTURING
26.51;Fabrication d'instruments et d'appareils de mesure, d'essai et de navigation;C;MANUFACTURING
26.52;Horlogerie;C;MANUFACTURING
26.60;Fabrication d'équipements d'irradiation médicale, d'équipements électromédicaux et électrothérapeutiques;C;MANUFACTURING
26.70;Fabrication de matériels optique et photographique;C;MANUFACTURING
26.80;Fabrication de supports magnétiques et optiques;C;MANUFACTURING
27.11;Fabrication de moteurs, génératrices et transformateurs électriques;C;MANUFACTURING
27.12;Fabrication de matériel de distribution et de commande électrique;C;MANUFACTURING
27.20;Fabrication de piles et d'accumulateurs électriques;C;MANUFACTURING
27.31;Fabrication de câbles de fibres optiques;C;MANUFACTURING
27.32;Fabrication d'autres fils et câbles électroniques ou électriques;C;MANUFACTURING
27.33;Fabrication de matériel d'installation électrique;C;MANUFACTURING
27.40;Fabrication d'appareils d'éclairage électrique;C;MANUFACTURING
27.51;Fabrication d'appareils électroménagers;C;MANUFACTURING
27.52;Fabrication d'appareils ménagers non électriques;C;MANUFACTURING
27.90;Fabrication d'autres matériels électriques;C;MANUFACTURING
28.11;Fabrication de moteurs et turbines, à l'exception des moteurs d'avions et de véhicules;C;MANUFACTURING
28.12;Fabrication d'équipements hydrauliques et pneumatiques;C;MANUFACTURING
28.13;Fabrication d'autres pompes et compresseurs;C;MANUFACTURING
28.14;Fabrication d'autres articles de robinetterie;C;MANUFACTURING
28.15;Fabrication d'engrenages et d'organes mécaniques de transmission;C;MANUFACTURING
28.21;Fabrication de fours et brûleurs;C;MANUFACTURING
28.22;Fabrication de matériel de levage et de manutention;C;MANUFACTURING
28.23;Fabrication de machines et d'équipements de bureau (à l'exception des ordinateurs et équipements périphériques);C;MANUFACTURING
28.24;Fabrication d'outillage portatif à moteur incorporé;C;MANUFACTURING
28.25;Fabrication d'équipements aérauliques et frigorifiques industriels;C;MANUFACTURING
28.29;Fabrication de machines diverses d'usage général;C;MANUFACTURING
28.30;Fabrication de machines agricoles et forestières;C;MANUFACTURING
28.41;Fabrication de machines de formage des métaux;C;MANUFACTURING
28.49;Fabrication d'autres machines-outils;C;MANUFACTURING
28.91;Fabrication de machines pour la métallurgie;C;MANUFACTURING
28.92;Fabrication de machines pour l'extraction ou la construction;C;MANUFACTURING
28.93;Fabrication de machines pour l'industrie agro-alimentaire;C;MANUFACTURING
28.94;Fabrication de machines pour les industries textiles;C;MANUFACTURING
28.95;Fabrication de machines pour les industries du papier et du carton;C;MANUFACTURING
28.96;Fabrication de machines pour le travail du caoutchouc ou des plastiques;C;MANUFACTURING
28.99;Fabrication d'autres machines d'usage spécifique n.c.a.;C;MANUFACTURING
29.10;Construction de véhicules automobiles;C;MANUFACTURING
29.20;Fabrication de carrosseries et remorques;C;MANUFACTURING
29.31;Fabrication d'équipements électriques et électroniques automobiles;C;MANUFACTURING
29.32;Fabrication d'autres équipements automobiles;C;MANUFACTURING
30.11;Construction de navires et de structures flottantes;C;MANUFACTURING
30.12;Construction de bateaux de plaisance;C;MANUFACTURING
30.20;Construction de locomotives et d'autre matériel ferroviaire roulant;C;MANUFACTURING
30.30;Construction aéronautique et spatiale;C;MANUFACTURING
30.40;Construction de véhicules militaires de combat;C;MANUFACTURING
30.91;Fabrication de motocycles;C;MANUFACTURING
30.92;Fabrication de bicyclettes et de véhicules pour invalides;C;MANUFACTURING
30.99;Fabrication d'autres équipements de transport n.c.a.;C;MANUFACTURING
31.01;Fabrication de meubles de bureau et de magasin;C;MANUFACTURING
31.02;Fabrication de meubles de cuisine;C;MANUFACTURING
31.03;Fabrication de matelas;C;MANUFACTURING
31.09;Fabrication d'autres meubles;C;MANUFACTURING
32.11;Frappe de monnaie;C;MANUFACTURING
32.12;Fabrication d'articles de joaillerie et bijouterie;C;MANUFACTURING
32.13;Fabrication d'articles de bijouterie fantaisie et articles similaires;C;MANUFACTURING
32.20;Fabrication d'instruments de musique;C;MANUFACTURING
32.30;Fabrication d'articles de sport;C;MANUFACTURING
32.40;Fabrication de jeux et jouets;C;MANUFACTURING
32.50;Fabrication d'instruments et de fournitures à usage médical et dentaire;C;MANUFACTURING
32.91;Fabrication d'articles de brosserie;C;MANUFACTURING
32.99;Autres activités manufacturières n.c.a.;C;MANUFACTURING
33.11;Réparation d'ouvrages en métaux;C;MANUFACTURING
33.12;Réparation de machines et équipements mécaniques;C;MANUFACTURING
33.13;Réparation de matériels électroniques et optiques;C;MANUFACTURING
33.14;Réparation d'équipements électriques;C;MANUFACTURING
33.15;Réparation et maintenance navale;C;MANUFACTURING
33.16;Réparation et maintenance d'aéronefs et d'engins spatiaux;C;MANUFACTURING
33.17;Réparation et maintenance d'autres équipements de transport;C;MANUFACTURING
33.19;Réparation d'autres équipements;C;MANUFACTURING
33.20;Installation de machines et d'équipements industriels;C;MANUFACTURING
35.11;Production d'électricité;D;ELECTRICITY, GAS, STEAM AND AIR CONDITIONING SUPPLY
35.12;Transport d'électricité;D;ELECTRICITY, GAS, STEAM AND AIR CONDITIONING SUPPLY
35.13;Distribution d'électricité;D;ELECTRICITY, GAS, STEAM AND AIR CONDITIONING SUPPLY
35.14;Commerce d'électricité;D;ELECTRICITY, GAS, STEAM AND AIR CONDITIONING SUPPLY
35.21;Production de combustibles gazeux;D;ELECTRICITY, GAS, STEAM AND AIR CONDITIONING SUPPLY
35.22;Distribution de combustibles gazeux par conduites;D;ELECTRICITY, GAS, STEAM AND AIR CONDITIONING SUPPLY
35.23;Commerce de combustibles gazeux par conduites;D;ELECTRICITY, GAS, STEAM AND AIR CONDITIONING SUPPLY
35.30;Production et distribution de vapeur et d'air conditionné;D;ELECTRICITY, GAS, STEAM AND AIR CONDITIONING SUPPLY
36.00;Captage, traitement et distribution d'eau;E;"WATER SUPPLY; SEWERAGE, WASTE MANAGEMENT AND REMEDIATION ACTIVITIES"
37.00;Collecte et traitement des eaux usées;E;"WATER SUPPLY; SEWERAGE, WASTE MANAGEMENT AND REMEDIATION ACTIVITIES"
38.11;Collecte des déchets non dangereux;E;"WATER SUPPLY; SEWERAGE, WASTE MANAGEMENT AND REMEDIATION ACTIVITIES"
38.12;Collecte des déchets dangereux;E;"WATER SUPPLY; SEWERAGE, WASTE MANAGEMENT AND REMEDIATION ACTIVITIES"
38.21;Traitement et élimination des déchets non dangereux;E;"WATER SUPPLY; SEWERAGE, WASTE MANAGEMENT AND REMEDIATION ACTIVITIES"
38.22;Traitement et élimination des déchets dangereux;E;"WATER SUPPLY; SEWERAGE, WASTE MANAGEMENT AND REMEDIATION ACTIVITIES"
38.31;Démantèlement d'épaves;E;"WATER SUPPLY; SEWERAGE, WASTE MANAGEMENT AND REMEDIATION ACTIVITIES"
38.32;Récupération de déchets triés;E;"WATER SUPPLY; SEWERAGE, WASTE MANAGEMENT AND REMEDIATION ACTIVITIES"
39.00;Dépollution et autres services de gestion des déchets;E;"WATER SUPPLY; SEWERAGE, WASTE MANAGEMENT AND REMEDIATION ACTIVITIES"
41.10;Promotion immobilière;F;CONSTRUCTION
41.20;Construction de bâtiments résidentiels et non résidentiels;F;CONSTRUCTION
42.11;Construction de routes et autoroutes;F;CONSTRUCTION
42.12;Construction de voies ferrées de surface et souterraines;F;CONSTRUCTION
42.13;Construction de ponts et tunnels;F;CONSTRUCTION
42.21;Construction de réseaux pour fluides;F;CONSTRUCTION
42.22;Construction de réseaux électriques et de télécommunications;F;CONSTRUCTION
42.91;Construction d'ouvrages maritimes et fluviaux;F;CONSTRUCTION
42.99;Construction d'autres ouvrages de génie civil n.c.a.;F;CONSTRUCTION
43.11;Travaux de démolition;F;CONSTRUCTION
43.12;Travaux de préparation des sites;F;CONSTRUCTION
43.13;Forages et sondages;F;CONSTRUCTION
43.21;Installation électrique;F;CONSTRUCTION
43.22;Travaux de plomberie et installation de chauffage et de conditionnement d'air;F;CONSTRUCTION
43.29;Autres travaux d'installation;F;CONSTRUCTION
43.31;Travaux de plâtrerie;F;CONSTRUCTION
43.32;Travaux de menuiserie;F;CONSTRUCTION
43.33;Travaux de revêtement des sols et des murs;F;CONSTRUCTION
43.34;Travaux de peinture et vitrerie;F;CONSTRUCTION
43.39;Autres travaux de finition;F;CONSTRUCTION
43.91;Travaux de couverture;F;CONSTRUCTION
43.99;Autres travaux de construction spécialisés n.c.a.;F;CONSTRUCTION
45.11;Commerce de voitures et de véhicules automobiles légers;G;"WHOLESALE AND RETAIL TRADE; REPAIR OF MOTOR VEHICLES AND MOTORCYCLES"
45.19;Commerce d'autres véhicules automobiles;G;"WHOLESALE AND RETAIL TRADE; REPAIR OF MOTOR VEHICLES AND MOTORCYCLES"
45.20;Entretien et réparation de véhicules automobiles;G;"WHOLESALE AND RETAIL TRADE; REPAIR OF MOTOR VEHICLES AND MOTORCYCLES"
45.31;Commerce de gros d'équipements automobiles;G;"WHOLESALE AND RETAIL TRADE; REPAIR OF MOTOR VEHICLES AND MOTORCYCLES"
45.32;Commerce de détail d'équipements automobiles;G;"WHOLESALE AND RETAIL TRADE; REPAIR OF MOTOR VEHICLES AND MOTORCYCLES"
45.40;Commerce et réparation de motocycles;G;"WHOLESALE AND RETAIL TRADE; REPAIR OF MOTOR VEHICLES AND MOTORCYCLES"
46.11;Intermédiaires du commerce en matières premières agricoles, animaux vivants, matières premières textiles et produits semi-finis;G;"WHOLESALE AND RETAIL TRADE; REPAIR OF MOTOR VEHICLES AND MOTORCYCLES"
46.12;Intermédiaires du commerce en combustibles, métaux, minéraux et produits chimiques;G;"WHOLESALE AND RETAIL TRADE; REPAIR OF MOTOR VEHICLES AND MOTORCYCLES"
46.13;Intermédiaires du commerce en bois et matériaux de construction;G;"WHOLESALE AND RETAIL TRADE; REPAIR OF MOTOR VEHICLES AND MOTORCYCLES"
46.14;Intermédiaires du commerce en machines, équipements industriels, navires et avions;G;"WHOLESALE AND RETAIL TRADE; REPAIR OF MOTOR VEHICLES AND MOTORCYCLES"
46.15;Intermédiaires du commerce en meubles, articles de ménage et quincaillerie;G;"WHOLESALE AND RETAIL TRADE; REPAIR OF MOTOR VEHICLES AND MOTORCYCLES"
46.16;Intermédiaires du commerce en textiles, habillement, fourrures, chaussures et articles en cuir;G;"WHOLESALE AND RETAIL TRADE; REPAIR OF MOTOR VEHICLES AND MOTORCYCLES"
46.17;Intermédiaires du commerce en denrées, boissons et tabac;G;"WHOLESALE AND RETAIL TRADE; REPAIR OF MOTOR VEHICLES AND MOTORCYCLES"
46.18;Intermédiaires spécialisés dans le commerce d'autres produits spécifiques;G;"WHOLESALE AND RETAIL TRADE; REPAIR OF MOTOR VEHICLES AND MOTORCYCLES"
46.19;Intermédiaires du commerce en produits divers;G;"WHOLESALE AND RETAIL TRADE; REPAIR OF MOTOR VEHICLES AND MOTORCYCLES"
46.21;Commerce de gros de céréales, de tabac non manufacturé, de semences et d'aliments pour le bétail;G;"WHOLESALE AND RETAIL TRADE; REPAIR OF MOTOR VEHICLES AND MOTORCYCLES"
46.22;Commerce de gros de fleurs et plantes;G;"WHOLESALE AND RETAIL TRADE; REPAIR OF MOTOR VEHICLES AND MOTORCYCLES"
46.23;Commerce de gros d'animaux vivants;G;"WHOLESALE AND RETAIL TRADE; REPAIR OF MOTOR VEHICLES AND MOTORCYCLES"
46.24;Commerce de gros de cuirs et peaux;G;"WHOLESALE AND RETAIL TRADE; REPAIR OF MOTOR VEHICLES AND MOTORCYCLES"
46.31;Commerce de gros de fruits et légumes;G;"WHOLESALE AND RETAIL TRADE; REPAIR OF MOTOR VEHICLES AND MOTORCYCLES"
46.32;Commerce de gros de viandes et de produits à base de viande;G;"WHOLESALE AND RETAIL TRADE; REPAIR OF MOTOR VEHICLES AND MOTORCYCLES"
46.33;Commerce de gros de produits laitiers, œufs, huiles et matières grasses comestibles;G;"WHOLESALE AND RETAIL TRADE; REPAIR OF MOTOR VEHICLES AND MOTORCYCLES"
46.34;Commerce de gros de boissons;G;"WHOLESALE AND RETAIL TRADE; REPAIR OF MOTOR VEHICLES AND MOTORCYCLES"
46.35;Commerce de gros de produits à base de tabac;G;"WHOLESALE AND RETAIL TRADE; REPAIR OF MOTOR VEHICLES AND MOTORCYCLES"
46.36;Commerce de gros de sucre, chocolat et confiserie;G;"WHOLESALE AND RETAIL TRADE; REPAIR OF MOTOR VEHICLES AND MOTORCYCLES"
46.37;Commerce de gros de café, thé, cacao et épices;G;"WHOLESALE AND RETAIL TRADE; REPAIR OF MOTOR VEHICLES AND MOTORCYCLES"
46.38;Commerce de gros d'autres produits alimentaires, y compris poissons, crustacés et mollusques;G;"WHOLESALE AND RETAIL TRADE; REPAIR OF MOTOR VEHICLES AND MOTORCYCLES"
46.39;Commerce de gros non spécialisé de denrées, boissons et tabac;G;"WHOLESALE AND RETAIL TRADE; REPAIR OF MOTOR VEHICLES AND MOTORCYCLES"
46.41;Commerce de gros de textiles;G;"WHOLESALE AND RETAIL TRADE; REPAIR OF MOTOR VEHICLES AND MOTORCYCLES"
46.42;Commerce de gros d'habillement et de chaussures;G;"WHOLESALE AND RETAIL TRADE; REPAIR OF MOTOR VEHICLES AND MOTORCYCLES"
46.43;Commerce de gros d'appareils électroménagers;G;"WHOLESALE AND RETAIL TRADE; REPAIR OF MOTOR VEHICLES AND MOTORCYCLES"
46.44;Commerce de gros de vaisselle, verrerie et produits d'entretien;G;"WHOLESALE AND RETAIL TRADE; REPAIR OF MOTOR VEHICLES AND MOTORCYCLES"
46.45;Commerce de gros de parfumerie et de produits de beauté;G;"WHOLESALE AND RETAIL TRADE; REPAIR OF MOTOR VEHICLES AND MOTORCYCLES"
46.46;Commerce de gros de produits pharmaceutiques;G;"WHOLESALE AND RETAIL TRADE; REPAIR OF MOTOR VEHICLES AND MOTORCYCLES"
46.47;Commerce de gros de meubles, de tapis et d'appareils d'éclairage;G;"WHOLESALE AND RETAIL TRADE; REPAIR OF MOTOR VEHICLES AND MOTORCYCLES"
46.48;Commerce de gros d'articles d'horlogerie et de bijouterie;G;"WHOLESALE AND RETAIL TRADE; REPAIR OF MOTOR VEHICLES AND MOTORCYCLES"
46.49;Commerce de gros d'autres biens domestiques;G;"WHOLESALE AND RETAIL TRADE; REPAIR OF MOTOR VEHICLES AND MOTORCYCLES"
46.51;Commerce de gros d'ordinateurs, d'équipements informatiques périphériques et de logiciels;G;"WHOLESALE AND RETAIL TRADE; REPAIR OF MOTOR VEHICLES AND MOTORCYCLES"
46.52;Commerce de gros de composants et d'équipements électroniques et de télécommunication;G;"WHOLESALE AND RETAIL TRADE; REPAIR OF MOTOR VEHICLES AND MOTORCYCLES"
46.61;Commerce de gros de matériel agricole;G;"WHOLESALE AND RETAIL TRADE; REPAIR OF MOTOR VEHICLES AND MOTORCYCLES"
46.62;Commerce de gros de machines-outils;G;"WHOLESALE AND RETAIL TRADE; REPAIR OF MOTOR VEHICLES AND MOTORCYCLES"
46.63;Commerce de gros de machines pour l'extraction, la construction et le génie civil;G;"WHOLESALE AND RETAIL TRADE; REPAIR OF MOTOR VEHICLES AND MOTORCYCLES"
46.64;Commerce de gros de machines pour l'industrie textile et l'habillement;G;"WHOLESALE AND RETAIL TRADE; REPAIR OF MOTOR VEHICLES AND MOTORCYCLES"
46.65;Commerce de gros de mobilier de bureau;G;"WHOLESALE AND RETAIL TRADE; REPAIR OF MOTOR VEHICLES AND MOTORCYCLES"
46.66;Commerce de gros d'autres machines et équipements de bureau;G;"WHOLESALE AND RETAIL TRADE; REPAIR OF MOTOR VEHICLES AND MOTORCYCLES"
46.69;Commerce de gros d'autres machines et équipements;G;"WHOLESALE AND RETAIL TRADE; REPAIR OF MOTOR VEHICLES AND MOTORCYCLES"
46.71;Commerce de gros de combustibles et de produits annexes;G;"WHOLESALE AND RETAIL TRADE; REPAIR OF MOTOR VEHICLES AND MOTORCYCLES"
46.72;Commerce de gros de minerais et métaux;G;"WHOLESALE AND RETAIL TRADE; REPAIR OF MOTOR VEHICLES AND MOTORCYCLES"
46.73;Commerce de gros de bois, de matériaux de construction et d'appareils sanitaires;G;"WHOLESALE AND RETAIL TRADE; REPAIR OF MOTOR VEHICLES AND MOTORCYCLES"
46.74;Commerce de gros de quincaillerie et fournitures pour plomberie et chauffage;G;"WHOLESALE AND RETAIL TRADE; REPAIR OF MOTOR VEHICLES AND MOTORCYCLES"
46.75;Commerce de gros de produits chimiques;G;"WHOLESALE AND RETAIL TRADE; REPAIR OF MOTOR VEHICLES AND MOTORCYCLES"
46.76;Commerce de gros d'autres produits intermédiaires;G;"WHOLESALE AND RETAIL TRADE; REPAIR OF MOTOR VEHICLES AND MOTORCYCLES"
46.77;Commerce de gros de déchets et débris;G;"WHOLESALE AND RETAIL TRADE; REPAIR OF MOTOR VEHICLES AND MOTORCYCLES"
46.90;Commerce de gros non spécialisé;G;"WHOLESALE AND RETAIL TRADE; REPAIR OF MOTOR VEHICLES AND MOTORCYCLES"
47.11;Commerce de détail en magasin non spécialisé à prédominance alimentaire;G;"WHOLESALE AND RETAIL TRADE; REPAIR OF MOTOR VEHICLES AND MOTORCYCLES"
47.19;Autre commerce de détail en magasin non spécialisé;G;"WHOLESALE AND RETAIL TRADE; REPAIR OF MOTOR VEHICLES AND MOTORCYCLES"
47.21;Commerce de détail de fruits et légumes en magasin spécialisé;G;"WHOLESALE AND RETAIL TRADE; REPAIR OF MOTOR VEHICLES AND MOTORCYCLES"
47.22;Commerce de détail de viandes et de produits à base de viande en magasin spécialisé;G;"WHOLESALE AND RETAIL TRADE; REPAIR OF MOTOR VEHICLES AND MOTORCYCLES"
47.23;Commerce de détail de poissons, crustacés et mollusques en magasin spécialisé;G;"WHOLESALE AND RETAIL TRADE; REPAIR OF MOTOR VEHICLES AND MOTORCYCLES"
47.24;Commerce de détail de pain, pâtisserie et confiserie en magasin spécialisé;G;"WHOLESALE AND RETAIL TRADE; REPAIR OF MOTOR VEHICLES AND MOTORCYCLES"
47.25;Commerce de détail de boissons en magasin spécialisé;G;"WHOLESALE AND RETAIL TRADE; REPAIR OF MOTOR VEHICLES AND MOTORCYCLES"
47.26;Commerce de détail de produits à base de tabac en magasin spécialisé;G;"WHOLESALE AND RETAIL TRADE; REPAIR OF MOTOR VEHICLES AND MOTORCYCLES"
47.29;Autres commerces de détail alimentaires en magasin spécialisé;G;"WHOLESALE AND RETAIL TRADE; REPAIR OF MOTOR VEHICLES AND MOTORCYCLES"
47.30;Commerce de détail de carburants en magasin spécialisé;G;"WHOLESALE AND RETAIL TRADE; REPAIR OF MOTOR VEHICLES AND MOTORCYCLES"
47.41;Commerce de détail d'ordinateurs, d'unités périphériques et de logiciels en magasin spécialisé;G;"WHOLESALE AND RETAIL TRADE; REPAIR OF MOTOR VEHICLES AND MOTORCYCLES"
47.42;Commerce de détail de matériels de télécommunication en magasin spécialisé;G;"WHOLESALE AND RETAIL TRADE; REPAIR OF MOTOR VEHICLES AND MOTORCYCLES"
47.43;Commerce de détail de matériels audio/vidéo en magasin spécialisé;G;"WHOLESALE AND RETAIL TRADE; REPAIR OF MOTOR VEHICLES AND MOTORCYCLES"
47.51;Commerce de détail de textiles en magasin spécialisé;G;"WHOLESALE AND RETAIL TRADE; REPAIR OF MOTOR VEHICLES AND MOTORCYCLES"
47.52;Commerce de détail de quincaillerie, peintures et verres en magasin spécialisé;G;"WHOLESALE AND RETAIL TRADE; REPAIR OF MOTOR VEHICLES AND MOTORCYCLES"
47.53;Commerce de détail de tapis, moquettes et revêtements de murs et de sols en magasin spécialisé;G;"WHOLESALE AND RETAIL TRADE; REPAIR OF MOTOR VEHICLES AND MOTORCYCLES"
47.54;Commerce de détail d'appareils électroménagers en magasin spécialisé;G;"WHOLESALE AND RETAIL TRADE; REPAIR OF MOTOR VEHICLES AND MOTORCYCLES"
47.59;Commerce de détail de meubles, appareils d'éclairage et autres articles de ménage en magasin spécialisé;G;"WHOLESALE AND RETAIL TRADE; REPAIR OF MOTOR VEHICLES AND MOTORCYCLES"
47.61;Commerce de détail de livres en magasin spécialisé;G;"WHOLESALE AND RETAIL TRADE; REPAIR OF MOTOR VEHICLES AND MOTORCYCLES"
47.62;Commerce de détail de journaux et papeterie en magasin spécialisé;G;"WHOLESALE AND RETAIL TRADE; REPAIR OF MOTOR VEHICLES AND MOTORCYCLES"
47.63;Commerce de détail d'enregistrements musicaux et vidéo en magasin spécialisé;G;"WHOLESALE AND RETAIL TRADE; REPAIR OF MOTOR VEHICLES AND MOTORCYCLES"
47.64;Commerce de détail d'articles de sport en magasin spécialisé;G;"WHOLESALE AND RETAIL TRADE; REPAIR OF MOTOR VEHICLES AND MOTORCYCLES"
47.65;Commerce de détail de jeux et jouets en magasin spécialisé;G;"WHOLESALE AND RETAIL TRADE; REPAIR OF MOTOR VEHICLES AND MOTORCYCLES"
47.71;Commerce de détail d'habillement en magasin spécialisé;G;"WHOLESALE AND RETAIL TRADE; REPAIR OF MOTOR VEHICLES AND MOTORCYCLES"
47.72;Commerce de détail de chaussures et d'articles en cuir en magasin spécialisé;G;"WHOLESALE AND RETAIL TRADE; REPAIR OF MOTOR VEHICLES AND MOTORCYCLES"
47.73;Commerce de détail de produits pharmaceutiques en magasin spécialisé;G;"WHOLESALE AND RETAIL TRADE; REPAIR OF MOTOR VEHICLES AND MOTORCYCLES"
47.74;Commerce de détail d'articles médicaux et orthopédiques en magasin spécialisé;G;"WHOLESALE AND RETAIL TRADE; REPAIR OF MOTOR VEHICLES AND MOTORCYCLES"
47.75;Commerce de détail de parfumerie et de produits de beauté en magasin spécialisé;G;"WHOLESALE AND RETAIL TRADE; REPAIR OF MOTOR VEHICLES AND MOTORCYCLES"
47.76;Commerce de détail de fleurs, plantes, graines, engrais, animaux de compagnie et aliments pour ces animaux en magasin spécialisé;G;"WHOLESALE AND RETAIL TRADE; REPAIR OF MOTOR VEHICLES AND MOTORCYCLES"
47.77;Commerce de détail d'articles d'horlogerie et de bijouterie en magasin spécialisé;G;"WHOLESALE AND RETAIL TRADE; REPAIR OF MOTOR VEHICLES AND MOTORCYCLES"
47.78;Autre commerce de détail de biens neufs en magasin spécialisé;G;"WHOLESALE AND RETAIL TRADE; REPAIR OF MOTOR VEHICLES AND MOTORCYCLES"
47.79;Commerce de détail de biens d'occasion en magasin;G;"WHOLESALE AND RETAIL TRADE; REPAIR OF MOTOR VEHICLES AND MOTORCYCLES"
47.81;Commerce de détail alimentaire sur éventaires et marchés;G;"WHOLESALE AND RETAIL TRADE; REPAIR OF MOTOR VEHICLES AND MOTORCYCLES"
47.82;Commerce de détail de textiles, d'habillement et de chaussures sur éventaires et marchés;G;"WHOLESALE AND RETAIL TRADE; REPAIR OF MOTOR VEHICLES AND MOTORCYCLES"
47.89;Autres commerces de détail sur éventaires et marchés;G;"WHOLESALE AND RETAIL TRADE; REPAIR OF MOTOR VEHICLES AND MOTORCYCLES"
47.91;Vente à distance;G;"WHOLESALE AND RETAIL TRADE; REPAIR OF MOTOR VEHICLES AND MOTORCYCLES"
47.99;Autres commerces de détail hors magasin, éventaires ou marchés;G;"WHOLESALE AND RETAIL TRADE; REPAIR OF MOTOR VEHICLES AND MOTORCYCLES"
49.10;Transport ferroviaire interurbain de voyageurs;H;TRANSPORTATION AND STORAGE
49.20;Transports ferroviaires de fret;H;TRANSPORTATION AND STORAGE
49.31;Transports urbains et suburbains de voyageurs;H;TRANSPORTATION AND STORAGE
49.32;Transports de voyageurs par taxis;H;TRANSPORTATION AND STORAGE
49.39;Autres transports terrestres de voyageurs n.c.a.;H;TRANSPORTATION AND STORAGE
49.41;Transports routiers de fret;H;TRANSPORTATION AND STORAGE
49.42;Services de déménagement;H;TRANSPORTATION AND STORAGE
49.50;Transports par conduites;H;TRANSPORTATION AND STORAGE
50.10;Transports maritimes et côtiers de passagers;H;TRANSPORTATION AND STORAGE
50.20;Transports maritimes et côtiers de fret;H;TRANSPORTATION AND STORAGE
50.30;Transports fluviaux de passagers;H;TRANSPORTATION AND STORAGE
50.40;Transports fluviaux de fret;H;TRANSPORTATION AND STORAGE
51.10;Transports aériens de passagers;H;TRANSPORTATION AND STORAGE
51.21;Transports aériens de fret;H;TRANSPORTATION AND STORAGE
51.22;Transports spatiaux;H;TRANSPORTATION AND STORAGE
52.10;Entreposage et stockage;H;TRANSPORTATION AND STORAGE
52.21;Services auxiliaires des transports terrestres;H;TRANSPORTATION AND STORAGE
52.22;Services auxiliaires des transports par eau;H;TRANSPORTATION AND STORAGE
52.23;Services auxiliaires des transports aériens;H;TRANSPORTATION AND STORAGE
52.24;Manutention;H;TRANSPORTATION AND STORAGE
52.29;Autres services auxiliaires des transports;H;TRANSPORTATION AND STORAGE
53.10;Activités de poste dans le cadre d'une obligation de service universel;H;TRANSPORTATION AND STORAGE
53.20;Autres activités de poste et de courrier;H;TRANSPORTATION AND STORAGE
55.10;Hôtels et hébergement similaire;I;ACCOMMODATION AND FOOD SERVICE ACTIVITIES
55.20;Hébergement touristique et autre hébergement de courte durée;I;ACCOMMODATION AND FOOD SERVICE ACTIVITIES
55.30;Terrains de camping et parcs pour caravanes ou véhicules de loisirs;I;ACCOMMODATION AND FOOD SERVICE ACTIVITIES
55.90;Autres hébergements;I;ACCOMMODATION AND FOOD SERVICE ACTIVITIES
56.10;Restaurants et services de restauration mobile;I;ACCOMMODATION AND FOOD SERVICE ACTIVITIES
56.21;Services des traiteurs;I;ACCOMMODATION AND FOOD SERVICE ACTIVITIES
56.29;Autres services de restauration;I;ACCOMMODATION AND FOOD SERVICE ACTIVITIES
56.30;Débits de boissons;I;ACCOMMODATION AND FOOD SERVICE ACTIVITIES
58.11;Édition de livres;J;INFORMATION AND COMMUNICATION
58.12;Édition de répertoires et de fichiers d'adresses;J;INFORMATION AND COMMUNICATION
58.13;Édition de journaux;J;INFORMATION AND COMMUNICATION
58.14;Édition de revues et périodiques;J;INFORMATION AND COMMUNICATION
58.19;Autres activités d'édition;J;INFORMATION AND COMMUNICATION
58.21;Édition de jeux électroniques;J;INFORMATION AND COMMUNICATION
58.29;Édition d'autres logiciels;J;INFORMATION AND COMMUNICATION
59.11;Production de films cinématographiques, de vidéo et de programmes de télévision;J;INFORMATION AND COMMUNICATION
59.12;Post-production de films cinématographiques, de vidéo et de programmes de télévision;J;INFORMATION AND COMMUNICATION
59.13;Distribution de films cinématographiques, de vidéo et de programmes de télévision;J;INFORMATION AND COMMUNICATION
59.14;Projection de films cinématographiques;J;INFORMATION AND COMMUNICATION
59.20;Enregistrement sonore et édition musicale;J;INFORMATION AND COMMUNICATION
60.10;Édition et diffusion de programmes radio;J;INFORMATION AND COMMUNICATION
60.20;Programmation de télévision et télédiffusion;J;INFORMATION AND COMMUNICATION
61.10;Télécommunications filaires;J;INFORMATION AND COMMUNICATION
61.20;Télécommunications sans fil;J;INFORMATION AND COMMUNICATION
61.30;Télécommunications par satellite;J;INFORMATION AND COMMUNICATION
61.90;Autres activités de télécommunication;J;INFORMATION AND COMMUNICATION
62.01;Programmation informatique;J;INFORMATION AND COMMUNICATION
62.02;Conseil informatique;J;INFORMATION AND COMMUNICATION
62.03;Gestion d'installations informatiques;J;INFORMATION AND COMMUNICATION
62.09;Autres activités informatiques;J;INFORMATION AND COMMUNICATION
63.11;Traitement de données, hébergement et activités connexes;J;INFORMATION AND COMMUNICATION
63.12;Portails Internet;J;INFORMATION AND COMMUNICATION
63.91;Activités des agences de presse;J;INFORMATION AND COMMUNICATION
63.99;Autres services d'information n.c.a.;J;INFORMATION AND COMMUNICATION
64.11;Activités de banque centrale;K;FINANCIAL AND INSURANCE ACTIVITIES
64.19;Autres intermédiations monétaires;K;FINANCIAL AND INSURANCE ACTIVITIES
64.20;Activités des sociétés holding;K;FINANCIAL AND INSURANCE ACTIVITIES
64.30;Fonds de placement et entités financières similaires;K;FINANCIAL AND INSURANCE ACTIVITIES
64.91;Crédit-bail;K;FINANCIAL AND INSURANCE ACTIVITIES
64.92;Autre distribution de crédit;K;FINANCIAL AND INSURANCE ACTIVITIES
64.99;Autres activités des services financiers, hors assurance et caisses de retraite, n.c.a.;K;FINANCIAL AND INSURANCE ACTIVITIES
65.11;Assurance vie;K;FINANCIAL AND INSURANCE ACTIVITIES
65.12;Autres assurances;K;FINANCIAL AND INSURANCE ACTIVITIES
65.20;Réassurance;K;FINANCIAL AND INSURANCE ACTIVITIES
65.30;Caisses de retraite;K;FINANCIAL AND INSURANCE ACTIVITIES
66.11;Administration de marchés financiers;K;FINANCIAL AND INSURANCE ACTIVITIES
66.12;Courtage de valeurs mobilières et de marchandises;K;FINANCIAL AND INSURANCE ACTIVITIES
66.19;Autres activités auxiliaires de services financiers, hors assurance et caisses de retraite;K;FINANCIAL AND INSURANCE ACTIVITIES
66.21;Évaluation des risques et dommages;K;FINANCIAL AND INSURANCE ACTIVITIES
66.22;Activités des agents et courtiers d'assurances;K;FINANCIAL AND INSURANCE ACTIVITIES
66.29;Autres activités auxiliaires d'assurance et de caisses de retraite;K;FINANCIAL AND INSURANCE ACTIVITIES
66.30;Gestion de fonds;K;FINANCIAL AND INSURANCE ACTIVITIES
68.10;Activités des marchands de biens immobiliers;L;REAL ESTATE ACTIVITIES
68.20;Location et exploitation de biens immobiliers propres ou loués;L;REAL ESTATE ACTIVITIES
68.31;Agences immobilières;L;REAL ESTATE ACTIVITIES
68.32;Administration de biens immobiliers;L;REAL ESTATE ACTIVITIES
69.10;Activités juridiques;M;PROFESSIONAL, SCIENTIFIC AND TECHNICAL ACTIVITIES
69.20;Activités comptables;M;PROFESSIONAL, SCIENTIFIC AND TECHNICAL ACTIVITIES
70.10;Activités des sièges sociaux;M;PROFESSIONAL, SCIENTIFIC AND TECHNICAL ACTIVITIES
70.21;Conseil en relations publiques et communication;M;PROFESSIONAL, SCIENTIFIC AND TECHNICAL ACTIVITIES
70.22;Conseil pour les affaires et autres conseils de gestion;M;PROFESSIONAL, SCIENTIFIC AND TECHNICAL ACTIVITIES
71.11;Activités d'architecture;M;PROFESSIONAL, SCIENTIFIC AND TECHNICAL ACTIVITIES
71.12;Activités d'ingénierie;M;PROFESSIONAL, SCIENTIFIC AND TECHNICAL ACTIVITIES
71.20;Activités de contrôle et analyses techniques;M;PROFESSIONAL, SCIENTIFIC AND TECHNICAL ACTIVITIES
72.11;Recherche-développement en biotechnologie;M;PROFESSIONAL, SCIENTIFIC AND TECHNICAL ACTIVITIES
72.19;Recherche-développement en autres sciences physiques et naturelles;M;PROFESSIONAL, SCIENTIFIC AND TECHNICAL ACTIVITIES
72.20;Recherche-développement en sciences humaines et sociales;M;PROFESSIONAL, SCIENTIFIC AND TECHNICAL ACTIVITIES
73.11;Activités des agences de publicité;M;PROFESSIONAL, SCIENTIFIC AND TECHNICAL ACTIVITIES
73.12;Régie publicitaire de médias;M;PROFESSIONAL, SCIENTIFIC AND TECHNICAL ACTIVITIES
73.20;Études de marché et sondages;M;PROFESSIONAL, SCIENTIFIC AND TECHNICAL ACTIVITIES
74.10;Activités spécialisées de design;M;PROFESSIONAL, SCIENTIFIC AND TECHNICAL ACTIVITIES
74.20;Activités photographiques;M;PROFESSIONAL, SCIENTIFIC AND TECHNICAL ACTIVITIES
74.30;Traduction et interprétation;M;PROFESSIONAL, SCIENTIFIC AND TECHNICAL ACTIVITIES
74.90;Autres activités spécialisées, scientifiques et techniques n.c.a.;M;PROFESSIONAL, SCIENTIFIC AND TECHNICAL ACTIVITIES
75.00;Activités vétérinaires;M;PROFESSIONAL, SCIENTIFIC AND TECHNICAL ACTIVITIES
77.11;Location et location-bail de voitures et de véhicules automobiles légers;N;ADMINISTRATIVE AND SUPPORT SERVICE ACTIVITIES
77.12;Location et location-bail de camions;N;ADMINISTRATIVE AND SUPPORT SERVICE ACTIVITIES
77.21;Location et location-bail d'articles de loisirs et de sport;N;ADMINISTRATIVE AND SUPPORT SERVICE ACTIVITIES
77.22;Location de vidéocassettes et disques vidéo;N;ADMINISTRATIVE AND SUPPORT SERVICE ACTIVITIES
77.29;Location et location-bail d'autres biens personnels et domestiques;N;ADMINISTRATIVE AND SUPPORT SERVICE ACTIVITIES
77.31;Location et location-bail de machines et équipements agricoles;N;ADMINISTRATIVE AND SUPPORT SERVICE ACTIVITIES
77.32;Location et location-bail de machines et équipements pour la construction;N;ADMINISTRATIVE AND SUPPORT SERVICE ACTIVITIES
77.33;Location et location-bail de machines de bureau et de matériel informatique;N;ADMINISTRATIVE AND SUPPORT SERVICE ACTIVITIES
77.34;Location et location-bail de matériels de transport par eau;N;ADMINISTRATIVE AND SUPPORT SERVICE ACTIVITIES
77.35;Location et location-bail de matériels de transport aérien;N;ADMINISTRATIVE AND SUPPORT SERVICE ACTIVITIES
77.39;Location et location-bail d'autres machines, équipements et biens matériels n.c.a.;N;ADMINISTRATIVE AND SUPPORT SERVICE ACTIVITIES
77.40;Location-bail de propriété intellectuelle et de produits similaires, à l'exception des œuvres soumises à copyright;N;ADMINISTRATIVE AND SUPPORT SERVICE ACTIVITIES
78.10;Activités des agences de placement de main-d'œuvre;N;ADMINISTRATIVE AND SUPPORT SERVICE ACTIVITIES
78.20;Activités des agences de travail temporaire;N;ADMINISTRATIVE AND SUPPORT SERVICE ACTIVITIES
78.30;Autre mise à disposition de ressources humaines;N;ADMINISTRATIVE AND SUPPORT SERVICE ACTIVITIES
79.11;Activités des agences de voyage;N;ADMINISTRATIVE AND SUPPORT SERVICE ACTIVITIES
79.12;Activités des voyagistes;N;ADMINISTRATIVE AND SUPPORT SERVICE ACTIVITIES
79.90;Autres services de réservation et activités connexes;N;ADMINISTRATIVE AND SUPPORT SERVICE ACTIVITIES
80.10;Activités de sécurité privée;N;ADMINISTRATIVE AND SUPPORT SERVICE ACTIVITIES
80.20;Activités liées aux systèmes de sécurité;N;ADMINISTRATIVE AND SUPPORT SERVICE ACTIVITIES
80.30;Activités d'enquête;N;ADMINISTRATIVE AND SUPPORT SERVICE ACTIVITIES
81.10;Activités combinées de soutien lié aux bâtiments;N;ADMINISTRATIVE AND SUPPORT SERVICE ACTIVITIES
81.21;Nettoyage courant des bâtiments;N;ADMINISTRATIVE AND SUPPORT SERVICE ACTIVITIES
81.22;Autres activités de nettoyage des bâtiments et nettoyage industriel;N;ADMINISTRATIVE AND SUPPORT SERVICE ACTIVITIES
81.29;Autres activités de nettoyage;N;ADMINISTRATIVE AND SUPPORT SERVICE ACTIVITIES
81.30;Services d'aménagement paysager;N;ADMINISTRATIVE AND SUPPORT SERVICE ACTIVITIES
82.11;Services administratifs combinés de bureau;N;ADMINISTRATIVE AND SUPPORT SERVICE ACTIVITIES
82.19;Photocopie, préparation de documents et autres activités spécialisées de soutien de bureau;N;ADMINISTRATIVE AND SUPPORT SERVICE ACTIVITIES
82.20;Activités de centres d'appels;N;ADMINISTRATIVE AND SUPPORT SERVICE ACTIVITIES
82.30;Organisation de salons professionnels et congrès;N;ADMINISTRATIVE AND SUPPORT SERVICE ACTIVITIES
82.91;Activités des agences de recouvrement de factures et des sociétés d'information financière sur la clientèle;N;ADMINISTRATIVE AND SUPPORT SERVICE ACTIVITIES
82.92;Activités de conditionnement;N;ADMINISTRATIVE AND SUPPORT SERVICE ACTIVITIES
82.99;Autres activités de soutien aux entreprises n.c.a.;N;ADMINISTRATIVE AND SUPPORT SERVICE ACTIVITIES
84.11;Administration publique générale;O;"PUBLIC ADMINISTRATION AND DEFENCE; COMPULSORY SOCIAL SECURITY"
84.12;Administration publique (tutelle) de la santé, de la formation, de la culture et des services sociaux, autre que sécurité sociale;O;"PUBLIC ADMINISTRATION AND DEFENCE; COMPULSORY SOCIAL SECURITY"
84.13;Administration publique (tutelle) des activités économiques;O;"PUBLIC ADMINISTRATION AND DEFENCE; COMPULSORY SOCIAL SECURITY"
84.21;Affaires étrangères;O;"PUBLIC ADMINISTRATION AND DEFENCE; COMPULSORY SOCIAL SECURITY"
84.22;Défense;O;"PUBLIC ADMINISTRATION AND DEFENCE; COMPULSORY SOCIAL SECURITY"
84.23;Justice;O;"PUBLIC ADMINISTRATION AND DEFENCE; COMPULSORY SOCIAL SECURITY"
84.24;Activités d'ordre public et de sécurité;O;"PUBLIC ADMINISTRATION AND DEFENCE; COMPULSORY SOCIAL SECURITY"
84.25;Services du feu et de secours;O;"PUBLIC ADMINISTRATION AND DEFENCE; COMPULSORY SOCIAL SECURITY"
84.30;Sécurité sociale obligatoire;O;"PUBLIC ADMINISTRATION AND DEFENCE; COMPULSORY SOCIAL SECURITY"
85.10;Enseignement pré-primaire;P;EDUCATION
85.20;Enseignement primaire;P;EDUCATION
85.31;Enseignement secondaire général;P;EDUCATION
85.32;Enseignement secondaire technique ou professionnel;P;EDUCATION
85.41;Enseignement post-secondaire non supérieur;P;EDUCATION
85.42;Enseignement supérieur;P;EDUCATION
85.51;Enseignement de disciplines sportives et d'activités de loisirs;P;EDUCATION
85.52;Enseignement culturel;P;EDUCATION
85.53;Enseignement de la conduite;P;EDUCATION
85.59;Enseignements divers;P;EDUCATION
85.60;Activités de soutien à l'enseignement;P;EDUCATION
86.10;Activités hospitalières;Q;HUMAN HEALTH AND SOCIAL WORK ACTIVITIES
86.21;Activité des médecins généralistes;Q;HUMAN HEALTH AND SOCIAL WORK ACTIVITIES
86.22;Activité des médecins spécialistes;Q;HUMAN HEALTH AND SOCIAL WORK ACTIVITIES
86.23;Pratique dentaire;Q;HUMAN HEALTH AND SOCIAL WORK ACTIVITIES
86.90;Autres activités pour la santé humaine;Q;HUMAN HEALTH AND SOCIAL WORK ACTIVITIES
87.10;Hébergement médicalisé;Q;HUMAN HEALTH AND SOCIAL WORK ACTIVITIES
87.20;Hébergement social pour personnes handicapées mentales, malades mentales et toxicomanes;Q;HUMAN HEALTH AND SOCIAL WORK ACTIVITIES
87.30;Hébergement social pour personnes âgées ou handicapées physiques;Q;HUMAN HEALTH AND SOCIAL WORK ACTIVITIES
87.90;Autres activités d'hébergement social;Q;HUMAN HEALTH AND SOCIAL WORK ACTIVITIES
88.10;Action sociale sans hébergement pour personnes âgées et pour personnes handicapées;Q;HUMAN HEALTH AND SOCIAL WORK ACTIVITIES
88.91;Action sociale sans hébergement pour jeunes enfants;Q;HUMAN HEALTH AND SOCIAL WORK ACTIVITIES
88.99;Autre action sociale sans hébergement n.c.a.;Q;HUMAN HEALTH AND SOCIAL WORK ACTIVITIES
90.01;Arts du spectacle vivant;R;ARTS, ENTERTAINMENT AND RECREATION
90.02;Activités de soutien au spectacle vivant;R;ARTS, ENTERTAINMENT AND RECREATION
90.03;Création artistique;R;ARTS, ENTERTAINMENT AND RECREATION
90.04;Gestion de salles de spectacles;R;ARTS, ENTERTAINMENT AND RECREATION
91.01;Gestion des bibliothèques et des archives;R;ARTS, ENTERTAINMENT AND RECREATION
91.02;Gestion des musées;R;ARTS, ENTERTAINMENT AND RECREATION
91.03;Gestion des sites et monuments historiques et des attractions touristiques similaires;R;ARTS, ENTERTAINMENT AND RECREATION
91.04;Gestion des jardins botaniques et zoologiques et des réserves naturelles;R;ARTS, ENTERTAINMENT AND RECREATION
92.00;Organisation de jeux de hasard et d'argent;R;ARTS, ENTERTAINMENT AND RECREATION
93.11;Gestion d'installations sportives;R;ARTS, ENTERTAINMENT AND RECREATION
93.12;Activités de clubs de sports;R;ARTS, ENTERTAINMENT AND RECREATION
93.13;Activités des centres de culture physique;R;ARTS, ENTERTAINMENT AND RECREATION
93.19;Autres activités liées au sport;R;ARTS, ENTERTAINMENT AND RECREATION
93.21;Activités des parcs d'attractions et parcs à thèmes;R;ARTS, ENTERTAINMENT AND RECREATION
93.29;Autres activités récréatives et de loisirs;R;ARTS, ENTERTAINMENT AND RECREATION
94.11;Activités des organisations patronales et consulaires;S;OTHER SERVICE ACTIVITIES
94.12;Activités des organisations professionnelles;S;OTHER SERVICE ACTIVITIES
94.20;Activités des syndicats de salariés;S;OTHER SERVICE ACTIVITIES
94.91;Activités des organisations religieuses;S;OTHER SERVICE ACTIVITIES
94.92;Activités des organisations politiques;S;OTHER SERVICE ACTIVITIES
94.99;Activités des organisations associatives n.c.a.;S;OTHER SERVICE ACTIVITIES
95.11;Réparation d'ordinateurs et d'équipements périphériques;S;OTHER SERVICE ACTIVITIES
95.12;Réparation d'équipements de communication;S;OTHER SERVICE ACTIVITIES
95.21;Réparation de produits électroniques grand public;S;OTHER SERVICE ACTIVITIES
95.22;Réparation d'appareils électroménagers et d'équipements pour la maison et le jardin;S;OTHER SERVICE ACTIVITIES
95.23;Réparation de chaussures et d'articles en cuir;S;OTHER SERVICE ACTIVITIES
95.24;Réparation de meubles et d'équipements du foyer;S;OTHER SERVICE ACTIVITIES
95.25;Réparation d'articles d'horlogerie et de bijouterie;S;OTHER SERVICE ACTIVITIES
95.29;Réparation d'autres biens personnels et domestiques;S;OTHER SERVICE ACTIVITIES
96.01;Blanchisserie-teinturerie;S;OTHER SERVICE ACTIVITIES
96.02;Coiffure et soins de beauté;S;OTHER SERVICE ACTIVITIES
96.03;Services funéraires;S;OTHER SERVICE ACTIVITIES
96.04;Entretien corporel;S;OTHER SERVICE ACTIVITIES
96.09;Autres services personnels n.c.a.;S;OTHER SERVICE ACTIVITIES
97.00;Activités des ménages en tant qu'employeurs de personnel domestique;T;"ACTIVITIES OF HOUSEHOLDS AS EMPLOYERS; UNDIFFERENTIATED GOODS- AND SERVICES-PRODUCING ACTIVITIES OF HOUSEHOLDS FOR OWN USE"
98.10;Activités indifférenciées des ménages en tant que producteurs de biens pour usage propre;T;"ACTIVITIES OF HOUSEHOLDS AS EMPLOYERS; UNDIFFERENTIATED GOODS- AND SERVICES-PRODUCING ACTIVITIES OF HOUSEHOLDS FOR OWN USE"
98.20;Activités indifférenciées des ménages en tant que producteurs de services pour usage propre;T;"ACTIVITIES OF HOUSEHOLDS AS EMPLOYERS; UNDIFFERENTIATED GOODS- AND SERVICES-PRODUCING ACTIVITIES OF HOUSEHOLDS FOR OWN USE"
99.00;Activités des organisations et organismes extraterritoriaux;U;ACTIVITIES OF EXTRATERRITORIAL ORGANISATIONS AND BODIES